,TimeStamp,Trade
0,23-09-2020 05:15:26.471 [DefaultMessageListenerContainer-1],20200923045129
1,23-09-2020 05:15:26.556 [DefaultMessageListenerContainer-1],20200923045130
2,23-09-2020 05:15:26.562 [DefaultMessageListenerContainer-1],20200923045131
3,23-09-2020 05:15:26.567 [DefaultMessageListenerContainer-1],20200923045132
4,23-09-2020 05:15:26.575 [DefaultMessageListenerContainer-1],20200923045133
5,23-09-2020 05:15:26.652 [DefaultMessageListenerContainer-1],20200923045134
6,23-09-2020 05:15:26.660 [DefaultMessageListenerContainer-1],20200923045135
7,23-09-2020 05:15:26.667 [DefaultMessageListenerContainer-1],20200923045137
8,23-09-2020 05:15:26.675 [DefaultMessageListenerContainer-1],20200923045138
9,23-09-2020 05:15:26.748 [DefaultMessageListenerContainer-1],20200923045139
10,23-09-2020 05:15:26.754 [DefaultMessageListenerContainer-1],20200923045140
11,23-09-2020 05:15:26.763 [DefaultMessageListenerContainer-1],20200923045141
12,23-09-2020 05:15:26.772 [DefaultMessageListenerContainer-1],20200923045142
13,23-09-2020 05:15:26.849 [DefaultMessageListenerContainer-1],20200923045143
14,23-09-2020 05:15:26.862 [DefaultMessageListenerContainer-1],20200923045144
15,23-09-2020 05:15:26.879 [DefaultMessageListenerContainer-1],20200923045145
16,23-09-2020 05:15:26.948 [DefaultMessageListenerContainer-1],20200923045146
17,23-09-2020 05:15:26.954 [DefaultMessageListenerContainer-1],20200923045147
18,23-09-2020 05:15:26.964 [DefaultMessageListenerContainer-1],20200923045148
19,23-09-2020 05:15:26.973 [DefaultMessageListenerContainer-1],20200923045149
20,23-09-2020 05:15:27.048 [DefaultMessageListenerContainer-1],20200923045150
21,23-09-2020 05:15:27.053 [DefaultMessageListenerContainer-1],20200923045151
22,23-09-2020 05:15:27.058 [DefaultMessageListenerContainer-1],20200923045152
23,23-09-2020 05:15:27.063 [DefaultMessageListenerContainer-1],20200923045153
24,23-09-2020 05:15:27.068 [DefaultMessageListenerContainer-1],20200923045154
25,23-09-2020 05:15:27.072 [DefaultMessageListenerContainer-1],20200923045156
26,23-09-2020 05:15:27.150 [DefaultMessageListenerContainer-1],20200923045157
27,23-09-2020 05:15:27.156 [DefaultMessageListenerContainer-1],20200923045158
28,23-09-2020 05:15:27.161 [DefaultMessageListenerContainer-1],20200923045159
29,23-09-2020 05:15:27.166 [DefaultMessageListenerContainer-1],20200923045200
30,23-09-2020 05:15:27.171 [DefaultMessageListenerContainer-1],20200923045201
31,23-09-2020 05:15:27.177 [DefaultMessageListenerContainer-1],20200923045202
32,23-09-2020 05:15:27.252 [DefaultMessageListenerContainer-1],20200923045203
33,23-09-2020 05:15:27.257 [DefaultMessageListenerContainer-1],20200923045204
34,23-09-2020 05:15:27.262 [DefaultMessageListenerContainer-1],20200923045205
35,23-09-2020 05:15:27.267 [DefaultMessageListenerContainer-1],20200923045206
36,23-09-2020 05:15:27.272 [DefaultMessageListenerContainer-1],20200923045207
37,23-09-2020 05:15:27.352 [DefaultMessageListenerContainer-1],20200923045208
38,23-09-2020 05:15:27.357 [DefaultMessageListenerContainer-1],20200923045209
39,23-09-2020 05:15:27.364 [DefaultMessageListenerContainer-1],20200923045210
40,23-09-2020 05:15:27.375 [DefaultMessageListenerContainer-1],20200923045212
41,23-09-2020 05:15:27.448 [DefaultMessageListenerContainer-1],20200923045213
42,23-09-2020 05:15:27.456 [DefaultMessageListenerContainer-1],20200923045214
43,23-09-2020 05:15:27.460 [DefaultMessageListenerContainer-1],20200923045215
44,23-09-2020 05:15:27.465 [DefaultMessageListenerContainer-1],20200923045216
45,23-09-2020 05:15:27.470 [DefaultMessageListenerContainer-1],20200923045217
46,23-09-2020 05:15:27.477 [DefaultMessageListenerContainer-1],20200923045218
47,23-09-2020 05:15:27.548 [DefaultMessageListenerContainer-1],20200923045219
48,23-09-2020 05:15:27.552 [DefaultMessageListenerContainer-1],20200923045220
49,23-09-2020 05:15:27.557 [DefaultMessageListenerContainer-1],20200923045221
50,23-09-2020 05:15:27.561 [DefaultMessageListenerContainer-1],20200923045222
51,23-09-2020 05:15:27.567 [DefaultMessageListenerContainer-1],20200923045223
52,23-09-2020 05:15:27.575 [DefaultMessageListenerContainer-1],20200923045224
53,23-09-2020 05:15:27.651 [DefaultMessageListenerContainer-1],20200923045225
54,23-09-2020 05:15:27.656 [DefaultMessageListenerContainer-1],20200923045226
55,23-09-2020 05:15:27.660 [DefaultMessageListenerContainer-1],20200923045227
56,23-09-2020 05:15:27.665 [DefaultMessageListenerContainer-1],20200923045228
57,23-09-2020 05:15:27.669 [DefaultMessageListenerContainer-1],20200923045229
58,23-09-2020 05:15:27.673 [DefaultMessageListenerContainer-1],20200923045231
59,23-09-2020 05:15:27.677 [DefaultMessageListenerContainer-1],20200923045232
60,23-09-2020 05:15:27.681 [DefaultMessageListenerContainer-1],20200923045233
61,23-09-2020 05:15:27.685 [DefaultMessageListenerContainer-1],20200923045234
62,23-09-2020 05:15:27.748 [DefaultMessageListenerContainer-1],20200923045235
63,23-09-2020 05:15:27.753 [DefaultMessageListenerContainer-1],20200923045236
64,23-09-2020 05:15:27.758 [DefaultMessageListenerContainer-1],20200923045237
65,23-09-2020 05:15:27.762 [DefaultMessageListenerContainer-1],20200923045238
66,23-09-2020 05:15:27.766 [DefaultMessageListenerContainer-1],20200923045239
67,23-09-2020 05:15:27.771 [DefaultMessageListenerContainer-1],20200923045240
68,23-09-2020 05:15:27.775 [DefaultMessageListenerContainer-1],20200923045241
69,23-09-2020 05:15:27.780 [DefaultMessageListenerContainer-1],20200923045242
70,23-09-2020 05:15:27.784 [DefaultMessageListenerContainer-1],20200923045243
71,23-09-2020 05:15:27.789 [DefaultMessageListenerContainer-1],20200923045244
72,23-09-2020 05:15:27.793 [DefaultMessageListenerContainer-1],20200923045245
73,23-09-2020 05:15:27.803 [DefaultMessageListenerContainer-1],20200923045246
74,23-09-2020 05:15:27.807 [DefaultMessageListenerContainer-1],20200923045247
75,23-09-2020 05:15:27.812 [DefaultMessageListenerContainer-1],20200923045248
76,23-09-2020 05:15:27.818 [DefaultMessageListenerContainer-1],20200923045249
77,23-09-2020 05:15:27.848 [DefaultMessageListenerContainer-1],20200923045251
78,23-09-2020 05:15:27.853 [DefaultMessageListenerContainer-1],20200923045252
79,23-09-2020 05:15:27.861 [DefaultMessageListenerContainer-1],20200923045253
80,23-09-2020 05:15:27.865 [DefaultMessageListenerContainer-1],20200923045254
81,23-09-2020 05:15:27.869 [DefaultMessageListenerContainer-1],20200923045255
82,23-09-2020 05:15:27.873 [DefaultMessageListenerContainer-1],20200923045256
83,23-09-2020 05:15:27.877 [DefaultMessageListenerContainer-1],20200923045257
84,23-09-2020 05:15:27.881 [DefaultMessageListenerContainer-1],20200923045258
85,23-09-2020 05:15:27.886 [DefaultMessageListenerContainer-1],20200923045259
86,23-09-2020 05:15:27.890 [DefaultMessageListenerContainer-1],20200923045300
87,23-09-2020 05:15:27.894 [DefaultMessageListenerContainer-1],20200923045301
88,23-09-2020 05:15:27.898 [DefaultMessageListenerContainer-1],20200923045302
89,23-09-2020 05:15:27.903 [DefaultMessageListenerContainer-1],20200923045303
90,23-09-2020 05:15:27.911 [DefaultMessageListenerContainer-1],20200923045304
91,23-09-2020 05:15:27.951 [DefaultMessageListenerContainer-1],20200923045305
92,23-09-2020 05:15:27.957 [DefaultMessageListenerContainer-1],20200923045306
93,23-09-2020 05:15:27.961 [DefaultMessageListenerContainer-1],20200923045307
94,23-09-2020 05:15:27.966 [DefaultMessageListenerContainer-1],20200923045308
95,23-09-2020 05:15:27.970 [DefaultMessageListenerContainer-1],20200923045309
96,23-09-2020 05:15:27.974 [DefaultMessageListenerContainer-1],20200923045311
97,23-09-2020 05:15:27.979 [DefaultMessageListenerContainer-1],20200923045312
98,23-09-2020 05:15:27.983 [DefaultMessageListenerContainer-1],20200923045313
99,23-09-2020 05:15:27.987 [DefaultMessageListenerContainer-1],20200923045314
100,23-09-2020 05:15:27.991 [DefaultMessageListenerContainer-1],20200923045330
101,23-09-2020 05:15:27.995 [DefaultMessageListenerContainer-1],20200923045332
102,23-09-2020 05:15:27.999 [DefaultMessageListenerContainer-1],20200923045333
103,23-09-2020 05:15:28.004 [DefaultMessageListenerContainer-1],20200923045334
104,23-09-2020 05:15:28.008 [DefaultMessageListenerContainer-1],20200923045335
105,23-09-2020 05:15:28.013 [DefaultMessageListenerContainer-1],20200923045336
106,23-09-2020 05:15:28.017 [DefaultMessageListenerContainer-1],20200923045337
107,23-09-2020 05:15:28.021 [DefaultMessageListenerContainer-1],20200923045338
108,23-09-2020 05:15:28.025 [DefaultMessageListenerContainer-1],20200923045339
109,23-09-2020 05:15:28.029 [DefaultMessageListenerContainer-1],20200923045340
110,23-09-2020 05:15:28.033 [DefaultMessageListenerContainer-1],20200923045341
111,23-09-2020 05:15:28.037 [DefaultMessageListenerContainer-1],20200923045342
112,23-09-2020 05:15:28.048 [DefaultMessageListenerContainer-1],20200923045343
113,23-09-2020 05:15:28.052 [DefaultMessageListenerContainer-1],20200923045344
114,23-09-2020 05:15:28.056 [DefaultMessageListenerContainer-1],20200923045345
115,23-09-2020 05:15:28.060 [DefaultMessageListenerContainer-1],20200923045346
116,23-09-2020 05:15:28.064 [DefaultMessageListenerContainer-1],20200923045347
117,23-09-2020 05:15:28.069 [DefaultMessageListenerContainer-1],20200923045348
118,23-09-2020 05:15:28.073 [DefaultMessageListenerContainer-1],20200923045349
119,23-09-2020 05:15:28.077 [DefaultMessageListenerContainer-1],20200923045351
120,23-09-2020 05:15:28.082 [DefaultMessageListenerContainer-1],20200923045352
121,23-09-2020 05:15:28.087 [DefaultMessageListenerContainer-1],20200923045353
122,23-09-2020 05:15:28.091 [DefaultMessageListenerContainer-1],20200923045354
123,23-09-2020 05:15:28.095 [DefaultMessageListenerContainer-1],20200923045355
124,23-09-2020 05:15:28.148 [DefaultMessageListenerContainer-1],20200923045356
125,23-09-2020 05:15:28.153 [DefaultMessageListenerContainer-1],20200923045357
126,23-09-2020 05:15:28.159 [DefaultMessageListenerContainer-1],20200923045358
127,23-09-2020 05:15:28.170 [DefaultMessageListenerContainer-1],20200923045359
128,23-09-2020 05:15:28.177 [DefaultMessageListenerContainer-1],20200923045400
129,23-09-2020 05:15:28.182 [DefaultMessageListenerContainer-1],20200923045401
130,23-09-2020 05:15:28.189 [DefaultMessageListenerContainer-1],20200923045402
131,23-09-2020 05:15:28.193 [DefaultMessageListenerContainer-1],20200923045403
132,23-09-2020 05:15:28.199 [DefaultMessageListenerContainer-1],20200923045404
133,23-09-2020 05:15:28.203 [DefaultMessageListenerContainer-1],20200923045405
134,23-09-2020 05:15:28.208 [DefaultMessageListenerContainer-1],20200923045406
135,23-09-2020 05:15:28.212 [DefaultMessageListenerContainer-1],20200923045407
136,23-09-2020 05:15:28.217 [DefaultMessageListenerContainer-1],20200923045408
137,23-09-2020 05:15:28.221 [DefaultMessageListenerContainer-1],20200923045410
138,23-09-2020 05:15:28.228 [DefaultMessageListenerContainer-1],20200923045411
139,23-09-2020 05:15:28.233 [DefaultMessageListenerContainer-1],20200923045412
140,23-09-2020 05:15:28.238 [DefaultMessageListenerContainer-1],20200923045413
141,23-09-2020 05:15:28.242 [DefaultMessageListenerContainer-1],20200923045414
142,23-09-2020 05:15:28.246 [DefaultMessageListenerContainer-1],20200923045415
143,23-09-2020 05:15:28.249 [DefaultMessageListenerContainer-1],20200923045416
144,23-09-2020 05:15:28.253 [DefaultMessageListenerContainer-1],20200923045417
145,23-09-2020 05:15:28.257 [DefaultMessageListenerContainer-1],20200923045418
146,23-09-2020 05:15:28.261 [DefaultMessageListenerContainer-1],20200923045419
147,23-09-2020 05:15:28.265 [DefaultMessageListenerContainer-1],20200923045420
148,23-09-2020 05:15:28.269 [DefaultMessageListenerContainer-1],20200923045421
149,23-09-2020 05:15:28.273 [DefaultMessageListenerContainer-1],20200923045422
150,23-09-2020 05:15:28.278 [DefaultMessageListenerContainer-1],20200923045423
151,23-09-2020 05:15:28.302 [DefaultMessageListenerContainer-1],20200923045424
152,23-09-2020 05:15:28.307 [DefaultMessageListenerContainer-1],20200923045425
153,23-09-2020 05:15:28.313 [DefaultMessageListenerContainer-1],20200923045426
154,23-09-2020 05:15:28.321 [DefaultMessageListenerContainer-1],20200923045427
155,23-09-2020 05:15:28.325 [DefaultMessageListenerContainer-1],20200923045428
156,23-09-2020 05:15:28.330 [DefaultMessageListenerContainer-1],20200923045430
157,23-09-2020 05:15:28.334 [DefaultMessageListenerContainer-1],20200923045431
158,23-09-2020 05:15:28.338 [DefaultMessageListenerContainer-1],20200923045432
159,23-09-2020 05:15:28.342 [DefaultMessageListenerContainer-1],20200923045433
160,23-09-2020 05:15:28.347 [DefaultMessageListenerContainer-1],20200923045434
161,23-09-2020 05:15:28.351 [DefaultMessageListenerContainer-1],20200923045435
162,23-09-2020 05:15:28.355 [DefaultMessageListenerContainer-1],20200923045436
163,23-09-2020 05:15:28.359 [DefaultMessageListenerContainer-1],20200923045437
164,23-09-2020 05:15:28.363 [DefaultMessageListenerContainer-1],20200923045438
165,23-09-2020 05:15:28.367 [DefaultMessageListenerContainer-1],20200923045439
166,23-09-2020 05:15:28.371 [DefaultMessageListenerContainer-1],20200923045440
167,23-09-2020 05:15:28.375 [DefaultMessageListenerContainer-1],20200923045441
168,23-09-2020 05:15:28.379 [DefaultMessageListenerContainer-1],20200923045442
169,23-09-2020 05:15:28.383 [DefaultMessageListenerContainer-1],20200923045443
170,23-09-2020 05:15:28.387 [DefaultMessageListenerContainer-1],20200923045444
171,23-09-2020 05:15:28.405 [DefaultMessageListenerContainer-1],20200923045445
172,23-09-2020 05:15:28.409 [DefaultMessageListenerContainer-1],20200923045446
173,23-09-2020 05:15:28.416 [DefaultMessageListenerContainer-1],20200923045447
174,23-09-2020 05:15:28.429 [DefaultMessageListenerContainer-1],20200923045449
175,23-09-2020 05:15:28.447 [DefaultMessageListenerContainer-1],20200923045450
176,23-09-2020 05:15:28.452 [DefaultMessageListenerContainer-1],20200923045451
177,23-09-2020 05:15:28.455 [DefaultMessageListenerContainer-1],20200923045452
178,23-09-2020 05:15:28.459 [DefaultMessageListenerContainer-1],20200923045453
179,23-09-2020 05:15:28.463 [DefaultMessageListenerContainer-1],20200923045454
180,23-09-2020 05:15:28.467 [DefaultMessageListenerContainer-1],20200923045455
181,23-09-2020 05:15:28.471 [DefaultMessageListenerContainer-1],20200923045456
182,23-09-2020 05:15:28.477 [DefaultMessageListenerContainer-1],20200923045457
183,23-09-2020 05:15:28.481 [DefaultMessageListenerContainer-1],20200923045458
184,23-09-2020 05:15:28.485 [DefaultMessageListenerContainer-1],20200923045459
185,23-09-2020 05:15:28.489 [DefaultMessageListenerContainer-1],20200923045500
186,23-09-2020 05:15:28.493 [DefaultMessageListenerContainer-1],20200923045501
187,23-09-2020 05:15:28.502 [DefaultMessageListenerContainer-1],20200923045502
188,23-09-2020 05:15:28.549 [DefaultMessageListenerContainer-1],20200923045503
189,23-09-2020 05:15:28.554 [DefaultMessageListenerContainer-1],20200923045504
190,23-09-2020 05:15:28.558 [DefaultMessageListenerContainer-1],20200923045505
191,23-09-2020 05:15:28.564 [DefaultMessageListenerContainer-1],20200923045506
192,23-09-2020 05:15:28.568 [DefaultMessageListenerContainer-1],20200923045507
193,23-09-2020 05:15:28.572 [DefaultMessageListenerContainer-1],20200923045509
194,23-09-2020 05:15:28.576 [DefaultMessageListenerContainer-1],20200923045510
195,23-09-2020 05:15:28.580 [DefaultMessageListenerContainer-1],20200923045511
196,23-09-2020 05:15:28.584 [DefaultMessageListenerContainer-1],20200923045512
197,23-09-2020 05:15:28.600 [DefaultMessageListenerContainer-1],20200923045513
198,23-09-2020 05:15:28.605 [DefaultMessageListenerContainer-1],20200923045514
199,23-09-2020 05:15:28.609 [DefaultMessageListenerContainer-1],20200923045515
200,23-09-2020 05:15:28.613 [DefaultMessageListenerContainer-1],20200923045531
201,23-09-2020 05:15:28.617 [DefaultMessageListenerContainer-1],20200923045532
202,23-09-2020 05:15:28.621 [DefaultMessageListenerContainer-1],20200923045533
203,23-09-2020 05:15:28.625 [DefaultMessageListenerContainer-1],20200923045534
204,23-09-2020 05:15:28.629 [DefaultMessageListenerContainer-1],20200923045535
205,23-09-2020 05:15:28.633 [DefaultMessageListenerContainer-1],20200923045536
206,23-09-2020 05:15:28.638 [DefaultMessageListenerContainer-1],20200923045538
207,23-09-2020 05:15:28.642 [DefaultMessageListenerContainer-1],20200923045539
208,23-09-2020 05:15:28.647 [DefaultMessageListenerContainer-1],20200923045540
209,23-09-2020 05:15:28.654 [DefaultMessageListenerContainer-1],20200923045541
210,23-09-2020 05:15:28.659 [DefaultMessageListenerContainer-1],20200923045542
211,23-09-2020 05:15:28.706 [DefaultMessageListenerContainer-1],20200923045543
212,23-09-2020 05:15:28.710 [DefaultMessageListenerContainer-1],20200923045544
213,23-09-2020 05:15:28.714 [DefaultMessageListenerContainer-1],20200923045545
214,23-09-2020 05:15:28.719 [DefaultMessageListenerContainer-1],20200923045546
215,23-09-2020 05:15:28.725 [DefaultMessageListenerContainer-1],20200923045547
216,23-09-2020 05:15:28.731 [DefaultMessageListenerContainer-1],20200923045548
217,23-09-2020 05:15:28.735 [DefaultMessageListenerContainer-1],20200923045549
218,23-09-2020 05:15:28.740 [DefaultMessageListenerContainer-1],20200923045550
219,23-09-2020 05:15:28.744 [DefaultMessageListenerContainer-1],20200923045551
220,23-09-2020 05:15:28.749 [DefaultMessageListenerContainer-1],20200923045552
221,23-09-2020 05:15:28.753 [DefaultMessageListenerContainer-1],20200923045553
222,23-09-2020 05:15:28.757 [DefaultMessageListenerContainer-1],20200923045554
223,23-09-2020 05:15:28.761 [DefaultMessageListenerContainer-1],20200923045555
224,23-09-2020 05:15:28.765 [DefaultMessageListenerContainer-1],20200923045557
225,23-09-2020 05:15:28.769 [DefaultMessageListenerContainer-1],20200923045558
226,23-09-2020 05:15:28.773 [DefaultMessageListenerContainer-1],20200923045559
227,23-09-2020 05:15:28.802 [DefaultMessageListenerContainer-1],20200923045600
228,23-09-2020 05:15:28.809 [DefaultMessageListenerContainer-1],20200923045601
229,23-09-2020 05:15:28.813 [DefaultMessageListenerContainer-1],20200923045602
230,23-09-2020 05:15:28.817 [DefaultMessageListenerContainer-1],20200923045603
231,23-09-2020 05:15:28.824 [DefaultMessageListenerContainer-1],20200923045604
232,23-09-2020 05:15:28.828 [DefaultMessageListenerContainer-1],20200923045605
233,23-09-2020 05:15:28.832 [DefaultMessageListenerContainer-1],20200923045606
234,23-09-2020 05:15:28.840 [DefaultMessageListenerContainer-1],20200923045607
235,23-09-2020 05:15:28.844 [DefaultMessageListenerContainer-1],20200923045608
236,23-09-2020 05:15:28.850 [DefaultMessageListenerContainer-1],20200923045609
237,23-09-2020 05:15:28.854 [DefaultMessageListenerContainer-1],20200923045610
238,23-09-2020 05:15:28.858 [DefaultMessageListenerContainer-1],20200923045611
239,23-09-2020 05:15:28.865 [DefaultMessageListenerContainer-1],20200923045612
240,23-09-2020 05:15:28.869 [DefaultMessageListenerContainer-1],20200923045613
241,23-09-2020 05:15:28.873 [DefaultMessageListenerContainer-1],20200923045614
242,23-09-2020 05:15:28.902 [DefaultMessageListenerContainer-1],20200923045615
243,23-09-2020 05:15:28.909 [DefaultMessageListenerContainer-1],20200923045617
244,23-09-2020 05:15:28.915 [DefaultMessageListenerContainer-1],20200923045618
245,23-09-2020 05:15:28.922 [DefaultMessageListenerContainer-1],20200923045619
246,23-09-2020 05:15:28.927 [DefaultMessageListenerContainer-1],20200923045620
247,23-09-2020 05:15:28.932 [DefaultMessageListenerContainer-1],20200923045621
248,23-09-2020 05:15:28.936 [DefaultMessageListenerContainer-1],20200923045622
249,23-09-2020 05:15:28.940 [DefaultMessageListenerContainer-1],20200923045623
250,23-09-2020 05:15:28.944 [DefaultMessageListenerContainer-1],20200923045624
251,23-09-2020 05:15:28.948 [DefaultMessageListenerContainer-1],20200923045625
252,23-09-2020 05:15:28.952 [DefaultMessageListenerContainer-1],20200923045626
253,23-09-2020 05:15:28.956 [DefaultMessageListenerContainer-1],20200923045627
254,23-09-2020 05:15:28.960 [DefaultMessageListenerContainer-1],20200923045628
255,23-09-2020 05:15:28.964 [DefaultMessageListenerContainer-1],20200923045629
256,23-09-2020 05:15:28.968 [DefaultMessageListenerContainer-1],20200923045630
257,23-09-2020 05:15:28.972 [DefaultMessageListenerContainer-1],20200923045631
258,23-09-2020 05:15:28.975 [DefaultMessageListenerContainer-1],20200923045632
259,23-09-2020 05:15:28.979 [DefaultMessageListenerContainer-1],20200923045633
260,23-09-2020 05:15:28.983 [DefaultMessageListenerContainer-1],20200923045634
261,23-09-2020 05:15:28.987 [DefaultMessageListenerContainer-1],20200923045636
262,23-09-2020 05:15:28.990 [DefaultMessageListenerContainer-1],20200923045637
263,23-09-2020 05:15:29.004 [DefaultMessageListenerContainer-1],20200923045638
264,23-09-2020 05:15:29.009 [DefaultMessageListenerContainer-1],20200923045639
265,23-09-2020 05:15:29.013 [DefaultMessageListenerContainer-1],20200923045640
266,23-09-2020 05:15:29.021 [DefaultMessageListenerContainer-1],20200923045641
267,23-09-2020 05:15:29.024 [DefaultMessageListenerContainer-1],20200923045642
268,23-09-2020 05:15:29.028 [DefaultMessageListenerContainer-1],20200923045643
269,23-09-2020 05:15:29.032 [DefaultMessageListenerContainer-1],20200923045644
270,23-09-2020 05:15:29.036 [DefaultMessageListenerContainer-1],20200923045645
271,23-09-2020 05:15:29.040 [DefaultMessageListenerContainer-1],20200923045646
272,23-09-2020 05:15:29.046 [DefaultMessageListenerContainer-1],20200923045647
273,23-09-2020 05:15:29.051 [DefaultMessageListenerContainer-1],20200923045648
274,23-09-2020 05:15:29.057 [DefaultMessageListenerContainer-1],20200923045649
275,23-09-2020 05:15:29.060 [DefaultMessageListenerContainer-1],20200923045650
276,23-09-2020 05:15:29.065 [DefaultMessageListenerContainer-1],20200923045651
277,23-09-2020 05:15:29.069 [DefaultMessageListenerContainer-1],20200923045652
278,23-09-2020 05:15:29.073 [DefaultMessageListenerContainer-1],20200923045653
279,23-09-2020 05:15:29.077 [DefaultMessageListenerContainer-1],20200923045654
280,23-09-2020 05:15:29.081 [DefaultMessageListenerContainer-1],20200923045656
281,23-09-2020 05:15:29.084 [DefaultMessageListenerContainer-1],20200923045657
282,23-09-2020 05:15:29.088 [DefaultMessageListenerContainer-1],20200923045658
283,23-09-2020 05:15:29.092 [DefaultMessageListenerContainer-1],20200923045659
284,23-09-2020 05:15:29.096 [DefaultMessageListenerContainer-1],20200923045700
285,23-09-2020 05:15:29.101 [DefaultMessageListenerContainer-1],20200923045701
286,23-09-2020 05:15:29.106 [DefaultMessageListenerContainer-1],20200923045702
287,23-09-2020 05:15:29.110 [DefaultMessageListenerContainer-1],20200923045703
288,23-09-2020 05:15:29.115 [DefaultMessageListenerContainer-1],20200923045704
289,23-09-2020 05:15:29.121 [DefaultMessageListenerContainer-1],20200923045705
290,23-09-2020 05:15:29.125 [DefaultMessageListenerContainer-1],20200923045706
291,23-09-2020 05:15:29.130 [DefaultMessageListenerContainer-1],20200923045707
292,23-09-2020 05:15:29.135 [DefaultMessageListenerContainer-1],20200923045708
293,23-09-2020 05:15:29.139 [DefaultMessageListenerContainer-1],20200923045709
294,23-09-2020 05:15:29.143 [DefaultMessageListenerContainer-1],20200923045710
295,23-09-2020 05:15:29.146 [DefaultMessageListenerContainer-1],20200923045711
296,23-09-2020 05:15:29.150 [DefaultMessageListenerContainer-1],20200923045712
297,23-09-2020 05:15:29.154 [DefaultMessageListenerContainer-1],20200923045713
298,23-09-2020 05:15:29.158 [DefaultMessageListenerContainer-1],20200923045715
299,23-09-2020 05:15:29.162 [DefaultMessageListenerContainer-1],20200923045716
300,23-09-2020 05:15:29.166 [DefaultMessageListenerContainer-1],20200923045731
301,23-09-2020 05:15:29.170 [DefaultMessageListenerContainer-1],20200923045733
302,23-09-2020 05:15:29.174 [DefaultMessageListenerContainer-1],20200923045734
303,23-09-2020 05:15:29.177 [DefaultMessageListenerContainer-1],20200923045735
304,23-09-2020 05:15:29.184 [DefaultMessageListenerContainer-1],20200923045736
305,23-09-2020 05:15:29.188 [DefaultMessageListenerContainer-1],20200923045737
306,23-09-2020 05:15:29.194 [DefaultMessageListenerContainer-1],20200923045738
307,23-09-2020 05:15:29.204 [DefaultMessageListenerContainer-1],20200923045739
308,23-09-2020 05:15:29.225 [DefaultMessageListenerContainer-1],20200923045740
309,23-09-2020 05:15:29.238 [DefaultMessageListenerContainer-1],20200923045741
310,23-09-2020 05:15:29.250 [DefaultMessageListenerContainer-1],20200923045742
311,23-09-2020 05:15:29.254 [DefaultMessageListenerContainer-1],20200923045743
312,23-09-2020 05:15:29.259 [DefaultMessageListenerContainer-1],20200923045744
313,23-09-2020 05:15:29.263 [DefaultMessageListenerContainer-1],20200923045745
314,23-09-2020 05:15:29.267 [DefaultMessageListenerContainer-1],20200923045746
315,23-09-2020 05:15:29.271 [DefaultMessageListenerContainer-1],20200923045747
316,23-09-2020 05:15:29.276 [DefaultMessageListenerContainer-1],20200923045748
317,23-09-2020 05:15:29.280 [DefaultMessageListenerContainer-1],20200923045749
318,23-09-2020 05:15:29.284 [DefaultMessageListenerContainer-1],20200923045750
319,23-09-2020 05:15:29.288 [DefaultMessageListenerContainer-1],20200923045752
320,23-09-2020 05:15:29.292 [DefaultMessageListenerContainer-1],20200923045753
321,23-09-2020 05:15:29.296 [DefaultMessageListenerContainer-1],20200923045754
322,23-09-2020 05:15:29.300 [DefaultMessageListenerContainer-1],20200923045755
323,23-09-2020 05:15:29.310 [DefaultMessageListenerContainer-1],20200923045756
324,23-09-2020 05:15:29.317 [DefaultMessageListenerContainer-1],20200923045757
325,23-09-2020 05:15:29.323 [DefaultMessageListenerContainer-1],20200923045758
326,23-09-2020 05:15:29.336 [DefaultMessageListenerContainer-1],20200923045759
327,23-09-2020 05:15:29.342 [DefaultMessageListenerContainer-1],20200923045800
328,23-09-2020 05:15:29.347 [DefaultMessageListenerContainer-1],20200923045801
329,23-09-2020 05:15:29.351 [DefaultMessageListenerContainer-1],20200923045802
330,23-09-2020 05:15:29.356 [DefaultMessageListenerContainer-1],20200923045803
331,23-09-2020 05:15:29.360 [DefaultMessageListenerContainer-1],20200923045804
332,23-09-2020 05:15:29.364 [DefaultMessageListenerContainer-1],20200923045805
333,23-09-2020 05:15:29.368 [DefaultMessageListenerContainer-1],20200923045806
334,23-09-2020 05:15:29.371 [DefaultMessageListenerContainer-1],20200923045807
335,23-09-2020 05:15:29.375 [DefaultMessageListenerContainer-1],20200923045808
336,23-09-2020 05:15:29.378 [DefaultMessageListenerContainer-1],20200923045809
337,23-09-2020 05:15:29.382 [DefaultMessageListenerContainer-1],20200923045810
338,23-09-2020 05:15:29.403 [DefaultMessageListenerContainer-1],20200923045812
339,23-09-2020 05:15:29.408 [DefaultMessageListenerContainer-1],20200923045813
340,23-09-2020 05:15:29.413 [DefaultMessageListenerContainer-1],20200923045814
341,23-09-2020 05:15:29.418 [DefaultMessageListenerContainer-1],20200923045815
342,23-09-2020 05:15:29.422 [DefaultMessageListenerContainer-1],20200923045816
343,23-09-2020 05:15:29.426 [DefaultMessageListenerContainer-1],20200923045817
344,23-09-2020 05:15:29.430 [DefaultMessageListenerContainer-1],20200923045818
345,23-09-2020 05:15:29.435 [DefaultMessageListenerContainer-1],20200923045819
346,23-09-2020 05:15:29.439 [DefaultMessageListenerContainer-1],20200923045820
347,23-09-2020 05:15:29.443 [DefaultMessageListenerContainer-1],20200923045821
348,23-09-2020 05:15:29.448 [DefaultMessageListenerContainer-1],20200923045822
349,23-09-2020 05:15:29.452 [DefaultMessageListenerContainer-1],20200923045823
350,23-09-2020 05:15:29.458 [DefaultMessageListenerContainer-1],20200923045824
351,23-09-2020 05:15:29.469 [DefaultMessageListenerContainer-1],20200923045825
352,23-09-2020 05:15:29.475 [DefaultMessageListenerContainer-1],20200923045826
353,23-09-2020 05:15:29.509 [DefaultMessageListenerContainer-1],20200923045827
354,23-09-2020 05:15:29.520 [DefaultMessageListenerContainer-1],20200923045828
355,23-09-2020 05:15:29.536 [DefaultMessageListenerContainer-1],20200923045829
356,23-09-2020 05:15:29.542 [DefaultMessageListenerContainer-1],20200923045831
357,23-09-2020 05:15:29.547 [DefaultMessageListenerContainer-1],20200923045832
358,23-09-2020 05:15:29.554 [DefaultMessageListenerContainer-1],20200923045833
359,23-09-2020 05:15:29.558 [DefaultMessageListenerContainer-1],20200923045834
360,23-09-2020 05:15:29.562 [DefaultMessageListenerContainer-1],20200923045835
361,23-09-2020 05:15:29.567 [DefaultMessageListenerContainer-1],20200923045836
362,23-09-2020 05:15:29.571 [DefaultMessageListenerContainer-1],20200923045837
363,23-09-2020 05:15:29.575 [DefaultMessageListenerContainer-1],20200923045838
364,23-09-2020 05:15:29.578 [DefaultMessageListenerContainer-1],20200923045839
365,23-09-2020 05:15:29.582 [DefaultMessageListenerContainer-1],20200923045840
366,23-09-2020 05:15:29.586 [DefaultMessageListenerContainer-1],20200923045841
367,23-09-2020 05:15:29.589 [DefaultMessageListenerContainer-1],20200923045842
368,23-09-2020 05:15:29.593 [DefaultMessageListenerContainer-1],20200923045843
369,23-09-2020 05:15:29.605 [DefaultMessageListenerContainer-1],20200923045844
370,23-09-2020 05:15:29.623 [DefaultMessageListenerContainer-1],20200923045845
371,23-09-2020 05:15:29.637 [DefaultMessageListenerContainer-1],20200923045846
372,23-09-2020 05:15:29.642 [DefaultMessageListenerContainer-1],20200923045847
373,23-09-2020 05:15:29.647 [DefaultMessageListenerContainer-1],20200923045848
374,23-09-2020 05:15:29.651 [DefaultMessageListenerContainer-1],20200923045850
375,23-09-2020 05:15:29.656 [DefaultMessageListenerContainer-1],20200923045851
376,23-09-2020 05:15:29.660 [DefaultMessageListenerContainer-1],20200923045852
377,23-09-2020 05:15:29.665 [DefaultMessageListenerContainer-1],20200923045853
378,23-09-2020 05:15:29.669 [DefaultMessageListenerContainer-1],20200923045854
379,23-09-2020 05:15:29.675 [DefaultMessageListenerContainer-1],20200923045855
380,23-09-2020 05:15:29.680 [DefaultMessageListenerContainer-1],20200923045856
381,23-09-2020 05:15:29.684 [DefaultMessageListenerContainer-1],20200923045857
382,23-09-2020 05:15:29.688 [DefaultMessageListenerContainer-1],20200923045858
383,23-09-2020 05:15:29.692 [DefaultMessageListenerContainer-1],20200923045859
384,23-09-2020 05:15:29.696 [DefaultMessageListenerContainer-1],20200923045900
385,23-09-2020 05:15:29.700 [DefaultMessageListenerContainer-1],20200923045901
386,23-09-2020 05:15:29.704 [DefaultMessageListenerContainer-1],20200923045902
387,23-09-2020 05:15:29.716 [DefaultMessageListenerContainer-1],20200923045903
388,23-09-2020 05:15:29.722 [DefaultMessageListenerContainer-1],20200923045904
389,23-09-2020 05:15:29.729 [DefaultMessageListenerContainer-1],20200923045905
390,23-09-2020 05:15:29.736 [DefaultMessageListenerContainer-1],20200923045907
391,23-09-2020 05:15:29.741 [DefaultMessageListenerContainer-1],20200923045908
392,23-09-2020 05:15:29.745 [DefaultMessageListenerContainer-1],20200923045909
393,23-09-2020 05:15:29.750 [DefaultMessageListenerContainer-1],20200923045910
394,23-09-2020 05:15:29.753 [DefaultMessageListenerContainer-1],20200923045911
395,23-09-2020 05:15:29.757 [DefaultMessageListenerContainer-1],20200923045912
396,23-09-2020 05:15:29.760 [DefaultMessageListenerContainer-1],20200923045913
397,23-09-2020 05:15:29.764 [DefaultMessageListenerContainer-1],20200923045914
398,23-09-2020 05:15:29.767 [DefaultMessageListenerContainer-1],20200923045915
399,23-09-2020 05:15:29.771 [DefaultMessageListenerContainer-1],20200923045916
400,23-09-2020 05:15:29.775 [DefaultMessageListenerContainer-1],20200923045330
401,23-09-2020 05:15:29.779 [DefaultMessageListenerContainer-1],20200923045332
402,23-09-2020 05:15:29.782 [DefaultMessageListenerContainer-1],20200923045333
403,23-09-2020 05:15:29.786 [DefaultMessageListenerContainer-1],20200923045334
404,23-09-2020 05:15:29.789 [DefaultMessageListenerContainer-1],20200923045335
405,23-09-2020 05:15:29.807 [DefaultMessageListenerContainer-1],20200923045336
406,23-09-2020 05:15:29.829 [DefaultMessageListenerContainer-1],20200923045337
407,23-09-2020 05:15:29.833 [DefaultMessageListenerContainer-1],20200923045338
408,23-09-2020 05:15:29.838 [DefaultMessageListenerContainer-1],20200923045339
409,23-09-2020 05:15:29.845 [DefaultMessageListenerContainer-1],20200923045340
410,23-09-2020 05:15:29.851 [DefaultMessageListenerContainer-1],20200923045341
411,23-09-2020 05:15:29.855 [DefaultMessageListenerContainer-1],20200923045342
412,23-09-2020 05:15:29.859 [DefaultMessageListenerContainer-1],20200923045343
413,23-09-2020 05:15:29.863 [DefaultMessageListenerContainer-1],20200923045344
414,23-09-2020 05:15:29.867 [DefaultMessageListenerContainer-1],20200923045345
415,23-09-2020 05:15:29.870 [DefaultMessageListenerContainer-1],20200923045346
416,23-09-2020 05:15:29.874 [DefaultMessageListenerContainer-1],20200923045347
417,23-09-2020 05:15:29.877 [DefaultMessageListenerContainer-1],20200923045348
418,23-09-2020 05:15:29.881 [DefaultMessageListenerContainer-1],20200923045349
419,23-09-2020 05:15:29.884 [DefaultMessageListenerContainer-1],20200923045351
420,23-09-2020 05:15:29.888 [DefaultMessageListenerContainer-1],20200923045352
421,23-09-2020 05:15:29.892 [DefaultMessageListenerContainer-1],20200923045353
422,23-09-2020 05:15:29.895 [DefaultMessageListenerContainer-1],20200923045354
423,23-09-2020 05:15:29.925 [DefaultMessageListenerContainer-1],20200923045355
424,23-09-2020 05:15:29.933 [DefaultMessageListenerContainer-1],20200923045356
425,23-09-2020 05:15:29.938 [DefaultMessageListenerContainer-1],20200923045357
426,23-09-2020 05:15:29.942 [DefaultMessageListenerContainer-1],20200923045358
427,23-09-2020 05:15:29.946 [DefaultMessageListenerContainer-1],20200923045359
428,23-09-2020 05:15:29.951 [DefaultMessageListenerContainer-1],20200923045400
429,23-09-2020 05:15:29.955 [DefaultMessageListenerContainer-1],20200923045401
430,23-09-2020 05:15:29.959 [DefaultMessageListenerContainer-1],20200923045402
431,23-09-2020 05:15:29.966 [DefaultMessageListenerContainer-1],20200923045403
432,23-09-2020 05:15:29.971 [DefaultMessageListenerContainer-1],20200923045404
433,23-09-2020 05:15:29.974 [DefaultMessageListenerContainer-1],20200923045405
434,23-09-2020 05:15:29.978 [DefaultMessageListenerContainer-1],20200923045406
435,23-09-2020 05:15:29.981 [DefaultMessageListenerContainer-1],20200923045407
436,23-09-2020 05:15:29.985 [DefaultMessageListenerContainer-1],20200923045408
437,23-09-2020 05:15:29.989 [DefaultMessageListenerContainer-1],20200923045410
438,23-09-2020 05:15:30.013 [DefaultMessageListenerContainer-1],20200923045411
439,23-09-2020 05:15:30.029 [DefaultMessageListenerContainer-1],20200923045412
440,23-09-2020 05:15:30.033 [DefaultMessageListenerContainer-1],20200923045413
441,23-09-2020 05:15:30.038 [DefaultMessageListenerContainer-1],20200923045414
442,23-09-2020 05:15:30.042 [DefaultMessageListenerContainer-1],20200923045415
443,23-09-2020 05:15:30.048 [DefaultMessageListenerContainer-1],20200923045416
444,23-09-2020 05:15:30.053 [DefaultMessageListenerContainer-1],20200923045417
445,23-09-2020 05:15:30.057 [DefaultMessageListenerContainer-1],20200923045418
446,23-09-2020 05:15:30.060 [DefaultMessageListenerContainer-1],20200923045419
447,23-09-2020 05:15:30.065 [DefaultMessageListenerContainer-1],20200923045420
448,23-09-2020 05:15:30.069 [DefaultMessageListenerContainer-1],20200923045421
449,23-09-2020 05:15:30.073 [DefaultMessageListenerContainer-1],20200923045422
450,23-09-2020 05:15:30.076 [DefaultMessageListenerContainer-1],20200923045423
451,23-09-2020 05:15:30.080 [DefaultMessageListenerContainer-1],20200923045424
452,23-09-2020 05:15:30.084 [DefaultMessageListenerContainer-1],20200923045425
453,23-09-2020 05:15:30.087 [DefaultMessageListenerContainer-1],20200923045426
454,23-09-2020 05:15:30.091 [DefaultMessageListenerContainer-1],20200923045427
455,23-09-2020 05:15:30.097 [DefaultMessageListenerContainer-1],20200923045428
456,23-09-2020 05:15:30.112 [DefaultMessageListenerContainer-1],20200923045430
457,23-09-2020 05:15:30.130 [DefaultMessageListenerContainer-1],20200923045431
458,23-09-2020 05:15:30.137 [DefaultMessageListenerContainer-1],20200923045432
459,23-09-2020 05:15:30.143 [DefaultMessageListenerContainer-1],20200923045433
460,23-09-2020 05:15:30.148 [DefaultMessageListenerContainer-1],20200923045434
461,23-09-2020 05:15:30.153 [DefaultMessageListenerContainer-1],20200923045435
462,23-09-2020 05:15:30.157 [DefaultMessageListenerContainer-1],20200923045436
463,23-09-2020 05:15:30.162 [DefaultMessageListenerContainer-1],20200923045437
464,23-09-2020 05:15:30.167 [DefaultMessageListenerContainer-1],20200923045438
465,23-09-2020 05:15:30.171 [DefaultMessageListenerContainer-1],20200923045439
466,23-09-2020 05:15:30.176 [DefaultMessageListenerContainer-1],20200923045440
467,23-09-2020 05:15:30.180 [DefaultMessageListenerContainer-1],20200923045441
468,23-09-2020 05:15:30.185 [DefaultMessageListenerContainer-1],20200923045442
469,23-09-2020 05:15:30.190 [DefaultMessageListenerContainer-1],20200923045443
470,23-09-2020 05:15:30.216 [DefaultMessageListenerContainer-1],20200923045444
471,23-09-2020 05:15:30.233 [DefaultMessageListenerContainer-1],20200923045445
472,23-09-2020 05:15:30.247 [DefaultMessageListenerContainer-1],20200923045446
473,23-09-2020 05:15:30.251 [DefaultMessageListenerContainer-1],20200923045447
474,23-09-2020 05:15:30.258 [DefaultMessageListenerContainer-1],20200923045449
475,23-09-2020 05:15:30.264 [DefaultMessageListenerContainer-1],20200923045450
476,23-09-2020 05:15:30.273 [DefaultMessageListenerContainer-1],20200923045451
477,23-09-2020 05:15:30.281 [DefaultMessageListenerContainer-1],20200923045452
478,23-09-2020 05:15:30.286 [DefaultMessageListenerContainer-1],20200923045453
479,23-09-2020 05:15:30.292 [DefaultMessageListenerContainer-1],20200923045454
480,23-09-2020 05:15:30.297 [DefaultMessageListenerContainer-1],20200923045455
481,23-09-2020 05:15:30.303 [DefaultMessageListenerContainer-1],20200923045456
482,23-09-2020 05:15:30.314 [DefaultMessageListenerContainer-1],20200923045457
483,23-09-2020 05:15:30.324 [DefaultMessageListenerContainer-1],20200923045458
484,23-09-2020 05:15:30.338 [DefaultMessageListenerContainer-1],20200923045459
485,23-09-2020 05:15:30.343 [DefaultMessageListenerContainer-1],20200923045500
486,23-09-2020 05:15:30.347 [DefaultMessageListenerContainer-1],20200923045501
487,23-09-2020 05:15:30.352 [DefaultMessageListenerContainer-1],20200923045502
488,23-09-2020 05:15:30.356 [DefaultMessageListenerContainer-1],20200923045503
489,23-09-2020 05:15:30.361 [DefaultMessageListenerContainer-1],20200923045504
490,23-09-2020 05:15:30.365 [DefaultMessageListenerContainer-1],20200923045505
491,23-09-2020 05:15:30.370 [DefaultMessageListenerContainer-1],20200923045506
492,23-09-2020 05:15:30.374 [DefaultMessageListenerContainer-1],20200923045507
493,23-09-2020 05:15:30.378 [DefaultMessageListenerContainer-1],20200923045509
494,23-09-2020 05:15:30.382 [DefaultMessageListenerContainer-1],20200923045510
495,23-09-2020 05:15:30.385 [DefaultMessageListenerContainer-1],20200923045531
496,23-09-2020 05:15:30.389 [DefaultMessageListenerContainer-1],20200923045511
497,23-09-2020 05:15:30.393 [DefaultMessageListenerContainer-1],20200923045532
498,23-09-2020 05:15:30.396 [DefaultMessageListenerContainer-1],20200923045512
499,23-09-2020 05:15:30.402 [DefaultMessageListenerContainer-1],20200923045533
500,23-09-2020 05:15:30.410 [DefaultMessageListenerContainer-1],20200923045513
501,23-09-2020 05:15:30.423 [DefaultMessageListenerContainer-1],20200923045534
502,23-09-2020 05:15:30.428 [DefaultMessageListenerContainer-1],20200923045514
503,23-09-2020 05:15:30.432 [DefaultMessageListenerContainer-1],20200923045535
504,23-09-2020 05:15:30.436 [DefaultMessageListenerContainer-1],20200923045515
505,23-09-2020 05:15:30.442 [DefaultMessageListenerContainer-1],20200923045536
506,23-09-2020 05:15:30.448 [DefaultMessageListenerContainer-1],20200923045538
507,23-09-2020 05:15:30.453 [DefaultMessageListenerContainer-1],20200923045539
508,23-09-2020 05:15:30.458 [DefaultMessageListenerContainer-1],20200923045540
509,23-09-2020 05:15:30.463 [DefaultMessageListenerContainer-1],20200923045541
510,23-09-2020 05:15:30.467 [DefaultMessageListenerContainer-1],20200923045542
511,23-09-2020 05:15:30.473 [DefaultMessageListenerContainer-1],20200923045543
512,23-09-2020 05:15:30.476 [DefaultMessageListenerContainer-1],20200923045544
513,23-09-2020 05:15:30.481 [DefaultMessageListenerContainer-1],20200923045545
514,23-09-2020 05:15:30.485 [DefaultMessageListenerContainer-1],20200923045546
515,23-09-2020 05:15:30.489 [DefaultMessageListenerContainer-1],20200923045547
516,23-09-2020 05:15:30.493 [DefaultMessageListenerContainer-1],20200923045548
517,23-09-2020 05:15:30.496 [DefaultMessageListenerContainer-1],20200923045549
518,23-09-2020 05:15:30.548 [DefaultMessageListenerContainer-1],20200923045550
519,23-09-2020 05:15:30.554 [DefaultMessageListenerContainer-1],20200923045551
520,23-09-2020 05:15:30.558 [DefaultMessageListenerContainer-1],20200923045552
521,23-09-2020 05:15:30.561 [DefaultMessageListenerContainer-1],20200923045553
522,23-09-2020 05:15:30.565 [DefaultMessageListenerContainer-1],20200923045554
523,23-09-2020 05:15:30.569 [DefaultMessageListenerContainer-1],20200923045555
524,23-09-2020 05:15:30.572 [DefaultMessageListenerContainer-1],20200923045557
525,23-09-2020 05:15:30.576 [DefaultMessageListenerContainer-1],20200923045558
526,23-09-2020 05:15:30.580 [DefaultMessageListenerContainer-1],20200923045559
527,23-09-2020 05:15:30.584 [DefaultMessageListenerContainer-1],20200923045600
528,23-09-2020 05:15:30.588 [DefaultMessageListenerContainer-1],20200923045601
529,23-09-2020 05:15:30.592 [DefaultMessageListenerContainer-1],20200923045602
530,23-09-2020 05:15:30.595 [DefaultMessageListenerContainer-1],20200923045603
531,23-09-2020 05:15:30.599 [DefaultMessageListenerContainer-1],20200923045604
532,23-09-2020 05:15:30.609 [DefaultMessageListenerContainer-1],20200923045605
533,23-09-2020 05:15:30.621 [DefaultMessageListenerContainer-1],20200923045606
534,23-09-2020 05:15:30.632 [DefaultMessageListenerContainer-1],20200923045607
535,23-09-2020 05:15:30.636 [DefaultMessageListenerContainer-1],20200923045608
536,23-09-2020 05:15:30.640 [DefaultMessageListenerContainer-1],20200923045609
537,23-09-2020 05:15:30.644 [DefaultMessageListenerContainer-1],20200923045610
538,23-09-2020 05:15:30.648 [DefaultMessageListenerContainer-1],20200923045611
539,23-09-2020 05:15:30.651 [DefaultMessageListenerContainer-1],20200923045612
540,23-09-2020 05:15:30.655 [DefaultMessageListenerContainer-1],20200923045613
541,23-09-2020 05:15:30.659 [DefaultMessageListenerContainer-1],20200923045614
542,23-09-2020 05:15:30.664 [DefaultMessageListenerContainer-1],20200923045615
543,23-09-2020 05:15:30.669 [DefaultMessageListenerContainer-1],20200923045617
544,23-09-2020 05:15:30.673 [DefaultMessageListenerContainer-1],20200923045618
545,23-09-2020 05:15:30.677 [DefaultMessageListenerContainer-1],20200923045619
546,23-09-2020 05:15:30.681 [DefaultMessageListenerContainer-1],20200923045620
547,23-09-2020 05:15:30.685 [DefaultMessageListenerContainer-1],20200923045621
548,23-09-2020 05:15:30.689 [DefaultMessageListenerContainer-1],20200923045622
549,23-09-2020 05:15:30.693 [DefaultMessageListenerContainer-1],20200923045623
550,23-09-2020 05:15:30.697 [DefaultMessageListenerContainer-1],20200923045624
551,23-09-2020 05:15:30.712 [DefaultMessageListenerContainer-1],20200923045625
552,23-09-2020 05:15:30.730 [DefaultMessageListenerContainer-1],20200923045626
553,23-09-2020 05:15:30.735 [DefaultMessageListenerContainer-1],20200923045627
554,23-09-2020 05:15:30.740 [DefaultMessageListenerContainer-1],20200923045628
555,23-09-2020 05:15:30.745 [DefaultMessageListenerContainer-1],20200923045629
556,23-09-2020 05:15:30.750 [DefaultMessageListenerContainer-1],20200923045630
557,23-09-2020 05:15:30.754 [DefaultMessageListenerContainer-1],20200923045631
558,23-09-2020 05:15:30.759 [DefaultMessageListenerContainer-1],20200923045632
559,23-09-2020 05:15:30.762 [DefaultMessageListenerContainer-1],20200923045633
560,23-09-2020 05:15:30.766 [DefaultMessageListenerContainer-1],20200923045634
561,23-09-2020 05:15:30.770 [DefaultMessageListenerContainer-1],20200923045636
562,23-09-2020 05:15:30.774 [DefaultMessageListenerContainer-1],20200923045637
563,23-09-2020 05:15:30.778 [DefaultMessageListenerContainer-1],20200923045638
564,23-09-2020 05:15:30.782 [DefaultMessageListenerContainer-1],20200923045639
565,23-09-2020 05:15:30.786 [DefaultMessageListenerContainer-1],20200923045640
566,23-09-2020 05:15:30.790 [DefaultMessageListenerContainer-1],20200923045641
567,23-09-2020 05:15:30.794 [DefaultMessageListenerContainer-1],20200923045642
568,23-09-2020 05:15:30.799 [DefaultMessageListenerContainer-1],20200923045643
569,23-09-2020 05:15:30.809 [DefaultMessageListenerContainer-1],20200923045644
570,23-09-2020 05:15:30.824 [DefaultMessageListenerContainer-1],20200923045645
571,23-09-2020 05:15:30.833 [DefaultMessageListenerContainer-1],20200923045646
572,23-09-2020 05:15:30.838 [DefaultMessageListenerContainer-1],20200923045647
573,23-09-2020 05:15:30.843 [DefaultMessageListenerContainer-1],20200923045648
574,23-09-2020 05:15:30.847 [DefaultMessageListenerContainer-1],20200923045649
575,23-09-2020 05:15:30.851 [DefaultMessageListenerContainer-1],20200923045650
576,23-09-2020 05:15:30.859 [DefaultMessageListenerContainer-1],20200923045651
577,23-09-2020 05:15:30.863 [DefaultMessageListenerContainer-1],20200923045652
578,23-09-2020 05:15:30.869 [DefaultMessageListenerContainer-1],20200923045653
579,23-09-2020 05:15:30.873 [DefaultMessageListenerContainer-1],20200923045654
580,23-09-2020 05:15:30.877 [DefaultMessageListenerContainer-1],20200923045656
581,23-09-2020 05:15:30.880 [DefaultMessageListenerContainer-1],20200923045657
582,23-09-2020 05:15:30.884 [DefaultMessageListenerContainer-1],20200923045658
583,23-09-2020 05:15:30.888 [DefaultMessageListenerContainer-1],20200923045659
584,23-09-2020 05:15:30.892 [DefaultMessageListenerContainer-1],20200923045700
585,23-09-2020 05:15:30.896 [DefaultMessageListenerContainer-1],20200923045701
586,23-09-2020 05:15:30.913 [DefaultMessageListenerContainer-1],20200923045702
587,23-09-2020 05:15:30.925 [DefaultMessageListenerContainer-1],20200923045703
588,23-09-2020 05:15:30.933 [DefaultMessageListenerContainer-1],20200923045704
589,23-09-2020 05:15:30.939 [DefaultMessageListenerContainer-1],20200923045705
590,23-09-2020 05:15:30.945 [DefaultMessageListenerContainer-1],20200923045706
591,23-09-2020 05:15:30.949 [DefaultMessageListenerContainer-1],20200923045707
592,23-09-2020 05:15:30.953 [DefaultMessageListenerContainer-1],20200923045708
593,23-09-2020 05:15:30.958 [DefaultMessageListenerContainer-1],20200923045709
594,23-09-2020 05:15:30.962 [DefaultMessageListenerContainer-1],20200923045710
595,23-09-2020 05:15:31.023 [DefaultMessageListenerContainer-1],20200923045711
596,23-09-2020 05:15:31.035 [DefaultMessageListenerContainer-1],20200923045731
597,23-09-2020 05:15:31.040 [DefaultMessageListenerContainer-1],20200923045712
598,23-09-2020 05:15:31.046 [DefaultMessageListenerContainer-1],20200923045733
599,23-09-2020 05:15:31.050 [DefaultMessageListenerContainer-1],20200923045713
600,23-09-2020 05:15:31.055 [DefaultMessageListenerContainer-1],20200923045734
601,23-09-2020 05:15:31.059 [DefaultMessageListenerContainer-1],20200923045715
602,23-09-2020 05:15:31.063 [DefaultMessageListenerContainer-1],20200923045735
603,23-09-2020 05:15:31.067 [DefaultMessageListenerContainer-1],20200923045716
604,23-09-2020 05:15:31.070 [DefaultMessageListenerContainer-1],20200923045736
605,23-09-2020 05:15:31.074 [DefaultMessageListenerContainer-1],20200923045737
606,23-09-2020 05:15:31.078 [DefaultMessageListenerContainer-1],20200923045738
607,23-09-2020 05:15:31.082 [DefaultMessageListenerContainer-1],20200923045739
608,23-09-2020 05:15:31.086 [DefaultMessageListenerContainer-1],20200923045740
609,23-09-2020 05:15:31.090 [DefaultMessageListenerContainer-1],20200923045741
610,23-09-2020 05:15:31.093 [DefaultMessageListenerContainer-1],20200923045742
611,23-09-2020 05:15:31.097 [DefaultMessageListenerContainer-1],20200923045743
612,23-09-2020 05:15:31.107 [DefaultMessageListenerContainer-1],20200923045744
613,23-09-2020 05:15:31.120 [DefaultMessageListenerContainer-1],20200923045745
614,23-09-2020 05:15:31.128 [DefaultMessageListenerContainer-1],20200923045746
615,23-09-2020 05:15:31.134 [DefaultMessageListenerContainer-1],20200923045747
616,23-09-2020 05:15:31.139 [DefaultMessageListenerContainer-1],20200923045748
617,23-09-2020 05:15:31.143 [DefaultMessageListenerContainer-1],20200923045749
618,23-09-2020 05:15:31.150 [DefaultMessageListenerContainer-1],20200923045750
619,23-09-2020 05:15:31.155 [DefaultMessageListenerContainer-1],20200923045752
620,23-09-2020 05:15:31.159 [DefaultMessageListenerContainer-1],20200923045753
621,23-09-2020 05:15:31.163 [DefaultMessageListenerContainer-1],20200923045754
622,23-09-2020 05:15:31.167 [DefaultMessageListenerContainer-1],20200923045755
623,23-09-2020 05:15:31.170 [DefaultMessageListenerContainer-1],20200923045756
624,23-09-2020 05:15:31.174 [DefaultMessageListenerContainer-1],20200923045757
625,23-09-2020 05:15:31.178 [DefaultMessageListenerContainer-1],20200923045758
626,23-09-2020 05:15:31.181 [DefaultMessageListenerContainer-1],20200923045759
627,23-09-2020 05:15:31.185 [DefaultMessageListenerContainer-1],20200923045800
628,23-09-2020 05:15:31.197 [DefaultMessageListenerContainer-1],20200923045801
629,23-09-2020 05:15:31.208 [DefaultMessageListenerContainer-1],20200923045802
630,23-09-2020 05:15:31.236 [DefaultMessageListenerContainer-1],20200923045803
631,23-09-2020 05:15:31.244 [DefaultMessageListenerContainer-1],20200923045804
632,23-09-2020 05:15:31.248 [DefaultMessageListenerContainer-1],20200923045805
633,23-09-2020 05:15:31.252 [DefaultMessageListenerContainer-1],20200923045806
634,23-09-2020 05:15:31.257 [DefaultMessageListenerContainer-1],20200923045807
635,23-09-2020 05:15:31.261 [DefaultMessageListenerContainer-1],20200923045808
636,23-09-2020 05:15:31.266 [DefaultMessageListenerContainer-1],20200923045809
637,23-09-2020 05:15:31.275 [DefaultMessageListenerContainer-1],20200923045810
638,23-09-2020 05:15:31.284 [DefaultMessageListenerContainer-1],20200923045812
639,23-09-2020 05:15:31.297 [DefaultMessageListenerContainer-1],20200923045813
640,23-09-2020 05:15:31.304 [DefaultMessageListenerContainer-1],20200923045814
641,23-09-2020 05:15:31.350 [DefaultMessageListenerContainer-1],20200923045815
642,23-09-2020 05:15:31.355 [DefaultMessageListenerContainer-1],20200923045816
643,23-09-2020 05:15:31.360 [DefaultMessageListenerContainer-1],20200923045817
644,23-09-2020 05:15:31.364 [DefaultMessageListenerContainer-1],20200923045818
645,23-09-2020 05:15:31.368 [DefaultMessageListenerContainer-1],20200923045819
646,23-09-2020 05:15:31.373 [DefaultMessageListenerContainer-1],20200923045820
647,23-09-2020 05:15:31.410 [DefaultMessageListenerContainer-1],20200923045821
648,23-09-2020 05:15:31.417 [DefaultMessageListenerContainer-1],20200923045822
649,23-09-2020 05:15:31.423 [DefaultMessageListenerContainer-1],20200923045823
650,23-09-2020 05:15:31.429 [DefaultMessageListenerContainer-1],20200923045824
651,23-09-2020 05:15:31.434 [DefaultMessageListenerContainer-1],20200923045825
652,23-09-2020 05:15:31.438 [DefaultMessageListenerContainer-1],20200923045826
653,23-09-2020 05:15:31.443 [DefaultMessageListenerContainer-1],20200923045827
654,23-09-2020 05:15:31.448 [DefaultMessageListenerContainer-1],20200923045828
655,23-09-2020 05:15:31.452 [DefaultMessageListenerContainer-1],20200923045829
656,23-09-2020 05:15:31.456 [DefaultMessageListenerContainer-1],20200923045831
657,23-09-2020 05:15:31.460 [DefaultMessageListenerContainer-1],20200923045832
658,23-09-2020 05:15:31.464 [DefaultMessageListenerContainer-1],20200923045833
659,23-09-2020 05:15:31.470 [DefaultMessageListenerContainer-1],20200923045834
660,23-09-2020 05:15:31.474 [DefaultMessageListenerContainer-1],20200923045835
661,23-09-2020 05:15:31.505 [DefaultMessageListenerContainer-1],20200923045836
662,23-09-2020 05:15:31.519 [DefaultMessageListenerContainer-1],20200923045837
663,23-09-2020 05:15:31.529 [DefaultMessageListenerContainer-1],20200923045838
664,23-09-2020 05:15:31.535 [DefaultMessageListenerContainer-1],20200923045839
665,23-09-2020 05:15:31.539 [DefaultMessageListenerContainer-1],20200923045840
666,23-09-2020 05:15:31.547 [DefaultMessageListenerContainer-1],20200923045841
667,23-09-2020 05:15:31.551 [DefaultMessageListenerContainer-1],20200923045842
668,23-09-2020 05:15:31.555 [DefaultMessageListenerContainer-1],20200923045843
669,23-09-2020 05:15:31.559 [DefaultMessageListenerContainer-1],20200923045844
670,23-09-2020 05:15:31.563 [DefaultMessageListenerContainer-1],20200923045845
671,23-09-2020 05:15:31.567 [DefaultMessageListenerContainer-1],20200923045846
672,23-09-2020 05:15:31.571 [DefaultMessageListenerContainer-1],20200923045847
673,23-09-2020 05:15:31.576 [DefaultMessageListenerContainer-1],20200923045848
674,23-09-2020 05:15:31.580 [DefaultMessageListenerContainer-1],20200923045850
675,23-09-2020 05:15:31.607 [DefaultMessageListenerContainer-1],20200923045851
676,23-09-2020 05:15:31.617 [DefaultMessageListenerContainer-1],20200923045852
677,23-09-2020 05:15:31.623 [DefaultMessageListenerContainer-1],20200923045853
678,23-09-2020 05:15:31.627 [DefaultMessageListenerContainer-1],20200923045854
679,23-09-2020 05:15:31.632 [DefaultMessageListenerContainer-1],20200923045855
680,23-09-2020 05:15:31.636 [DefaultMessageListenerContainer-1],20200923045856
681,23-09-2020 05:15:31.640 [DefaultMessageListenerContainer-1],20200923045857
682,23-09-2020 05:15:31.644 [DefaultMessageListenerContainer-1],20200923045858
683,23-09-2020 05:15:31.648 [DefaultMessageListenerContainer-1],20200923045859
684,23-09-2020 05:15:31.653 [DefaultMessageListenerContainer-1],20200923045900
685,23-09-2020 05:15:31.657 [DefaultMessageListenerContainer-1],20200923045901
686,23-09-2020 05:15:31.661 [DefaultMessageListenerContainer-1],20200923045902
687,23-09-2020 05:15:31.666 [DefaultMessageListenerContainer-1],20200923045903
688,23-09-2020 05:15:31.669 [DefaultMessageListenerContainer-1],20200923045904
689,23-09-2020 05:15:31.673 [DefaultMessageListenerContainer-1],20200923045905
690,23-09-2020 05:15:31.720 [DefaultMessageListenerContainer-1],20200923045907
691,23-09-2020 05:15:31.724 [DefaultMessageListenerContainer-1],20200923045908
692,23-09-2020 05:15:31.729 [DefaultMessageListenerContainer-1],20200923045909
693,23-09-2020 05:15:31.733 [DefaultMessageListenerContainer-1],20200923045910
694,23-09-2020 05:15:31.737 [DefaultMessageListenerContainer-1],20200923045911
695,23-09-2020 05:15:31.742 [DefaultMessageListenerContainer-1],20200923045912
696,23-09-2020 05:15:31.746 [DefaultMessageListenerContainer-1],20200923045913
697,23-09-2020 05:15:31.752 [DefaultMessageListenerContainer-1],20200923045914
698,23-09-2020 05:15:31.758 [DefaultMessageListenerContainer-1],20200923045915
699,23-09-2020 05:15:31.762 [DefaultMessageListenerContainer-1],20200923045916
